seqname	start	end	exon_id	strand	event_type	junction_id_l	junction_id_r	coord_prev	coord_next	novel_length	expr_exon	expr_junction	phastcons	meta	sample_count	GB_link
chr16	69640144	69640256	chr16_69640144_69640256_+	+	CE	chr16_69626528_69640144_+	chr16_69640256_69646517_+	69626528	69646517	112	10.62	3.0	774.0	CHX	1	https://www.genome-euro.ucsc.edu/cgi-bin/hgTracks?db=hg38&position=chr16%3A69626518%2D69646527
chr2	196791335	196791460	chr2_196791335_196791460_-	-	5'AS	chr2_196790070_196791335_-	chr2_196791460_196792956_-	196790070	196792956	2	2.96	3.0	355.69	CHX	1	https://www.genome-euro.ucsc.edu/cgi-bin/hgTracks?db=hg38&position=chr2%3A196790060%2D196792966
chr17	75002064	75002232	chr17_75002064_75002232_+	+	5'AS	chr17_75001489_75002064_+	chr17_75002232_75003183_+	75001489	75003183	4	5.68	4.71	415.33	CHX,SS	7	https://www.genome-euro.ucsc.edu/cgi-bin/hgTracks?db=hg38&position=chr17%3A75001479%2D75003193
chr12	57528869	57529009	chr12_57528869_57529009_+	+	3'AS	chr12_57528718_57528869_+	chr12_57529009_57529160_+	57528718	57529160	77	6.73	8.0	352.59	CHX	1	https://www.genome-euro.ucsc.edu/cgi-bin/hgTracks?db=hg38&position=chr12%3A57528708%2D57529170
chr2	26123983	26124047	chr2_26123983_26124047_+	+	CE	chr2_26109906_26123983_+	chr2_26124047_26127144_+	26109906	26127144	64	34.83	24.0	372.0	CHX	1	https://www.genome-euro.ucsc.edu/cgi-bin/hgTracks?db=hg38&position=chr2%3A26109896%2D26127154
chr22	19405463	19405531	chr22_19405463_19405531_-	-	CE	chr22_19398087_19405463_-	chr22_19405531_19405786_-	19398087	19405786	68	4.82	3.5	300.3	CHX	2	https://www.genome-euro.ucsc.edu/cgi-bin/hgTracks?db=hg38&position=chr22%3A19398077%2D19405796
chr1	184710394	184710550	chr1_184710394_184710550_-	-	3'AS	chr1_184708344_184710394_-	chr1_184710550_184711723_-	184708344	184711723	3	4.89	4.88	743.0	CHX,SS	8	https://www.genome-euro.ucsc.edu/cgi-bin/hgTracks?db=hg38&position=chr1%3A184708334%2D184711733
chr22	50255810	50255895	chr22_50255810_50255895_-	-	3'AS	chr22_50255694_50255810_-	chr22_50255895_50256085_-	50255694	50256085	14	4.61	6.33	385.92	CHX,SS	3	https://www.genome-euro.ucsc.edu/cgi-bin/hgTracks?db=hg38&position=chr22%3A50255684%2D50256095
chr5	150534867	150535025	chr5_150534867_150535025_+	+	5'AS	chr5_150533032_150534867_+	chr5_150535025_150535700_+	150533032	150535700	4	2.85	3.67	627.0	SS	3	https://www.genome-euro.ucsc.edu/cgi-bin/hgTracks?db=hg38&position=chr5%3A150533022%2D150535710
chr20	44715345	44715450	chr20_44715345_44715450_+	+	3'AS	chr20_44715161_44715345_+	chr20_44715450_44719897_+	44715161	44719897	21	19.52	7.2	293.38	CHX,SS	5	https://www.genome-euro.ucsc.edu/cgi-bin/hgTracks?db=hg38&position=chr20%3A44715151%2D44719907
chr12	6678663	6678819	chr12_6678663_6678819_-	-	3'AS	chr12_6678460_6678663_-	chr12_6678819_6678946_-	6678460	6678946	109	6.78	3.0	665.0	SS	1	https://www.genome-euro.ucsc.edu/cgi-bin/hgTracks?db=hg38&position=chr12%3A6678450%2D6678956
chr9	6465744	6465846	chr9_6465744_6465846_+	+	CE	chr9_6460791_6465744_+	chr9_6465846_6475391_+	6460791	6475391	102	38.21	22.88	522.0	CHX,SS	16	https://www.genome-euro.ucsc.edu/cgi-bin/hgTracks?db=hg38&position=chr9%3A6460781%2D6475401
chr1	212345790	212345933	chr1_212345790_212345933_+	+	3'AS	chr1_212342280_212345790_+	chr1_212345933_212347347_+	212342280	212347347	13	6.29	6.0	510.92	CHX	3	https://www.genome-euro.ucsc.edu/cgi-bin/hgTracks?db=hg38&position=chr1%3A212342270%2D212347357
chr11	95779879	95779948	chr11_95779879_95779948_-	-	3'AS	chr11_95779687_95779879_-	chr11_95779948_95783065_-	95779687	95783065	22	5.77	4.0	387.7	SS	1	https://www.genome-euro.ucsc.edu/cgi-bin/hgTracks?db=hg38&position=chr11%3A95779677%2D95783075
chr6	142820033	142820100	chr6_142820033_142820100_-	-	CE	chr6_142783615_142820033_-	chr6_142820100_142836935_-	142783615	142836935	67	7.6	7.0	574.38	CHX	1	https://www.genome-euro.ucsc.edu/cgi-bin/hgTracks?db=hg38&position=chr6%3A142783605%2D142836945
chr4	128092777	128093031	chr4_128092777_128093031_+	+	CE	chr4_128091512_128092777_+	chr4_128093031_128098186_+	128091512	128098186	254	5.59	4.2	562.34	CHX	5	https://www.genome-euro.ucsc.edu/cgi-bin/hgTracks?db=hg38&position=chr4%3A128091502%2D128098196
chr13	91728532	91728703	chr13_91728532_91728703_+	+	5'AS	chr13_91693881_91728532_+	chr13_91728703_91756295_+	91693881	91756295	38	8.32	6.0	625.0	CHX	2	https://www.genome-euro.ucsc.edu/cgi-bin/hgTracks?db=hg38&position=chr13%3A91693871%2D91756305
chr11	93695482	93695634	chr11_93695482_93695634_+	+	3'AS	chr11_93691775_93695482_+	chr11_93695634_93696320_+	93691775	93696320	15	3.15	3.0	269.08	CHX	1	https://www.genome-euro.ucsc.edu/cgi-bin/hgTracks?db=hg38&position=chr11%3A93691765%2D93696330
chr20	38750007	38750239	chr20_38750007_38750239_+	+	3'AS	chr20_38748853_38750007_+	chr20_38750239_38752131_+	38748853	38752131	3	4.03	4.0	415.71	CHX	2	https://www.genome-euro.ucsc.edu/cgi-bin/hgTracks?db=hg38&position=chr20%3A38748843%2D38752141
chr3	48643554	48643680	chr3_48643554_48643680_-	-	3'AS	chr3_48643083_48643554_-	chr3_48643680_48644216_-	48643083	48644216	3	8.9	5.29	384.0	CHX,SS	7	https://www.genome-euro.ucsc.edu/cgi-bin/hgTracks?db=hg38&position=chr3%3A48643073%2D48644226
chr5	148411080	148411238	chr5_148411080_148411238_+	+	CE	chr5_148410765_148411080_+	chr5_148411238_148414136_+	148410765	148414136	158	16.41	9.0	565.62	CHX	7	https://www.genome-euro.ucsc.edu/cgi-bin/hgTracks?db=hg38&position=chr5%3A148410755%2D148414146
chr14	75654882	75654976	chr14_75654882_75654976_-	-	5'AS	chr14_75651889_75654882_-	chr14_75654976_75657370_-	75651889	75657370	4	3.82	4.0	611.0	CHX	1	https://www.genome-euro.ucsc.edu/cgi-bin/hgTracks?db=hg38&position=chr14%3A75651879%2D75657380
chr1	145787012	145787063	chr1_145787012_145787063_-	-	CE	chr1_145784596_145787012_-	chr1_145787063_145788908_-	145784596	145788908	51	9.23	5.0	568.0	CHX	1	https://www.genome-euro.ucsc.edu/cgi-bin/hgTracks?db=hg38&position=chr1%3A145784586%2D145788918
chr17	54903694	54903792	chr17_54903694_54903792_+	+	3'AS	chr17_54900923_54903694_+	chr17_54903792_54905489_+	54900923	54905489	14	9.02	6.0	500.64	CHX	1	https://www.genome-euro.ucsc.edu/cgi-bin/hgTracks?db=hg38&position=chr17%3A54900913%2D54905499
chr4	185397150	185397310	chr4_185397150_185397310_+	+	5'AS	chr4_185396950_185397150_+	chr4_185397310_185398937_+	185396950	185398937	8	85.18	36.2	440.95	CHX	5	https://www.genome-euro.ucsc.edu/cgi-bin/hgTracks?db=hg38&position=chr4%3A185396940%2D185398947
chr5	108897963	108898132	chr5_108897963_108898132_+	+	CE	chr5_108897848_108897963_+	chr5_108898132_108946130_+	108897848	108946130	169	5.3	4.33	353.41	CHX	3	https://www.genome-euro.ucsc.edu/cgi-bin/hgTracks?db=hg38&position=chr5%3A108897838%2D108946140
chr6	96523146	96523295	chr6_96523146_96523295_+	+	5'AS	chr6_96521950_96523146_+	chr6_96523295_96524382_+	96521950	96524382	4	6.46	3.0	556.27	CHX	1	https://www.genome-euro.ucsc.edu/cgi-bin/hgTracks?db=hg38&position=chr6%3A96521940%2D96524392
chr16	58166584	58166701	chr16_58166584_58166701_-	-	3'AS	chr16_58165708_58166584_-	chr16_58166701_58167207_-	58165708	58167207	17	5.99	3.0	595.0	CHX	1	https://www.genome-euro.ucsc.edu/cgi-bin/hgTracks?db=hg38&position=chr16%3A58165698%2D58167217
chr1	116064436	116064512	chr1_116064436_116064512_+	+	5'AS	chr1_116062882_116064436_+	chr1_116064512_116066520_+	116062882	116066520	4	3.86	3.33	524.0	CHX	3	https://www.genome-euro.ucsc.edu/cgi-bin/hgTracks?db=hg38&position=chr1%3A116062872%2D116066530
chr12	56322615	56322786	chr12_56322615_56322786_-	-	3'AS	chr12_56322482_56322615_-	chr12_56322786_56323062_-	56322482	56323062	28	11.06	9.22	515.0	CHX,SS	9	https://www.genome-euro.ucsc.edu/cgi-bin/hgTracks?db=hg38&position=chr12%3A56322472%2D56323072
chr3	47336520	47336757	chr3_47336520_47336757_+	+	3'AS	chr3_47334819_47336520_+	chr3_47336757_47340572_+	47334819	47340572	15	12.08	9.44	646.0	CHX,SS	18	https://www.genome-euro.ucsc.edu/cgi-bin/hgTracks?db=hg38&position=chr3%3A47334809%2D47340582
chrX	47988524	47988659	chrX_47988524_47988659_-	-	3'AS	chrX_47983411_47988524_-	chrX_47988659_48002595_-	47983411	48002595	42	3.17	3.0	285.0	CHX	1	https://www.genome-euro.ucsc.edu/cgi-bin/hgTracks?db=hg38&position=chrX%3A47983401%2D48002605
chr17	51220324	51220463	chr17_51220324_51220463_-	-	5'AS	chr17_51219044_51220324_-	chr17_51220463_51225008_-	51219044	51225008	6	6.41	6.3	643.0	CHX,SS	10	https://www.genome-euro.ucsc.edu/cgi-bin/hgTracks?db=hg38&position=chr17%3A51219034%2D51225018
chr17	59934434	59934528	chr17_59934434_59934528_+	+	5'AS	chr17_59934260_59934434_+	chr17_59934528_59935193_+	59934260	59935193	4	2.39	5.0	721.0	CHX	1	https://www.genome-euro.ucsc.edu/cgi-bin/hgTracks?db=hg38&position=chr17%3A59934250%2D59935203
chr8	47839148	47839249	chr8_47839148_47839249_-	-	3'AS	chr8_47837419_47839148_-	chr8_47839249_47840016_-	47837419	47840016	3	57.44	75.17	329.14	CHX,SS	18	https://www.genome-euro.ucsc.edu/cgi-bin/hgTracks?db=hg38&position=chr8%3A47837409%2D47840026
chr10	95898887	95899018	chr10_95898887_95899018_-	-	CE	chr10_95897679_95898887_-	chr10_95899018_95904830_-	95897679	95904830	131	8.37	4.5	616.0	CHX,SS	6	https://www.genome-euro.ucsc.edu/cgi-bin/hgTracks?db=hg38&position=chr10%3A95897669%2D95904840
chr4	147632873	147633002	chr4_147632873_147633002_+	+	3'AS	chr4_147631505_147632873_+	chr4_147633002_147633765_+	147631505	147633765	30	4.52	6.14	648.0	CHX	7	https://www.genome-euro.ucsc.edu/cgi-bin/hgTracks?db=hg38&position=chr4%3A147631495%2D147633775
chr13	45511765	45511871	chr13_45511765_45511871_+	+	5'AS	chr13_45509816_45511765_+	chr13_45511871_45516143_+	45509816	45516143	17	1.88	3.0	589.0	CHX	1	https://www.genome-euro.ucsc.edu/cgi-bin/hgTracks?db=hg38&position=chr13%3A45509806%2D45516153
chr10	12825573	12825694	chr10_12825573_12825694_+	+	5'AS	chr10_12824552_12825573_+	chr10_12825694_12828769_+	12824552	12828769	4	4.88	4.0	509.0	CHX,SS	4	https://www.genome-euro.ucsc.edu/cgi-bin/hgTracks?db=hg38&position=chr10%3A12824542%2D12828779
chr6	89148525	89148574	chr6_89148525_89148574_+	+	CE	chr6_89146609_89148525_+	chr6_89148574_89149265_+	89146609	89149265	49	10.94	7.5	654.0	CHX,SS	8	https://www.genome-euro.ucsc.edu/cgi-bin/hgTracks?db=hg38&position=chr6%3A89146599%2D89149275
chr17	30860430	30860612	chr17_30860430_30860612_+	+	3'AS	chr17_30858323_30860430_+	chr17_30860612_30865704_+	30858323	30865704	3	2.91	4.5	280.29	CHX,SS	2	https://www.genome-euro.ucsc.edu/cgi-bin/hgTracks?db=hg38&position=chr17%3A30858313%2D30865714
chr6	111364944	111365042	chr6_111364944_111365042_-	-	CE	chr6_111363978_111364944_-	chr6_111365042_111365265_-	111363978	111365265	98	7.45	6.25	651.0	CHX	4	https://www.genome-euro.ucsc.edu/cgi-bin/hgTracks?db=hg38&position=chr6%3A111363968%2D111365275
chr3	119437588	119437649	chr3_119437588_119437649_-	-	CE	chr3_119436978_119437588_-	chr3_119437649_119437755_-	119436978	119437755	61	11.65	7.5	692.0	CHX	2	https://www.genome-euro.ucsc.edu/cgi-bin/hgTracks?db=hg38&position=chr3%3A119436968%2D119437765
chr1	204230413	204230589	chr1_204230413_204230589_-	-	3'AS	chr1_204229104_204230413_-	chr1_204230589_204241375_-	204229104	204241375	3	12.19	9.22	454.29	CHX,SS	18	https://www.genome-euro.ucsc.edu/cgi-bin/hgTracks?db=hg38&position=chr1%3A204229094%2D204241385
chr20	35466034	35466204	chr20_35466034_35466204_+	+	3'AS	chr20_35465825_35466034_+	chr20_35466204_35466966_+	35465825	35466966	5	3.13	6.0	390.75	SS	1	https://www.genome-euro.ucsc.edu/cgi-bin/hgTracks?db=hg38&position=chr20%3A35465815%2D35466976
chr20	25339220	25339351	chr20_25339220_25339351_-	-	5'AS	chr20_25323430_25339220_-	chr20_25339351_25390513_-	25323430	25390513	7	4.48	7.0	388.67	CHX	1	https://www.genome-euro.ucsc.edu/cgi-bin/hgTracks?db=hg38&position=chr20%3A25323420%2D25390523
chr6	31538753	31538855	chr6_31538753_31538855_-	-	5'AS	chr6_31536683_31538753_-	chr6_31538855_31539147_-	31536683	31539147	10	52.16	44.0	405.48	CHX	1	https://www.genome-euro.ucsc.edu/cgi-bin/hgTracks?db=hg38&position=chr6%3A31536673%2D31539157
chr14	50468649	50468782	chr14_50468649_50468782_-	-	5'AS	chr14_50466645_50468649_-	chr14_50468782_50475077_-	50466645	50475077	2	3.53	3.0	532.0	CHX	1	https://www.genome-euro.ucsc.edu/cgi-bin/hgTracks?db=hg38&position=chr14%3A50466635%2D50475087
chr1	206459585	206459679	chr1_206459585_206459679_+	+	CE	chr1_206458947_206459585_+	chr1_206459679_206461037_+	206458947	206461037	94	9.56	7.0	406.43	CHX,SS	9	https://www.genome-euro.ucsc.edu/cgi-bin/hgTracks?db=hg38&position=chr1%3A206458937%2D206461047
chr6	111330186	111330312	chr6_111330186_111330312_-	-	CE	chr6_111329738_111330186_-	chr6_111330312_111331676_-	111329738	111331676	126	6.28	4.33	754.0	CHX	3	https://www.genome-euro.ucsc.edu/cgi-bin/hgTracks?db=hg38&position=chr6%3A111329728%2D111331686
chr20	38574774	38575034	chr20_38574774_38575034_+	+	5'AS	chr20_38574298_38574774_+	chr20_38575034_38575873_+	38574298	38575873	94	8.81	6.5	506.11	CHX	2	https://www.genome-euro.ucsc.edu/cgi-bin/hgTracks?db=hg38&position=chr20%3A38574288%2D38575883
chr20	2838844	2839037	chr20_2838844_2839037_-	-	3'AS	chr20_2838746_2838844_-	chr20_2839037_2839192_-	2838746	2839192	108	4.77	4.0	449.92	SS	1	https://www.genome-euro.ucsc.edu/cgi-bin/hgTracks?db=hg38&position=chr20%3A2838736%2D2839202
chr13	79321234	79321301	chr13_79321234_79321301_-	-	CE	chr13_79320710_79321234_-	chr13_79321301_79322349_-	79320710	79322349	67	10.84	7.8	667.0	CHX,SS	5	https://www.genome-euro.ucsc.edu/cgi-bin/hgTracks?db=hg38&position=chr13%3A79320700%2D79322359
chr13	79366055	79366225	chr13_79366055_79366225_-	-	3'AS	chr13_79365718_79366055_-	chr13_79366225_79366633_-	79365718	79366633	30	13.04	12.75	556.83	CHX,SS	16	https://www.genome-euro.ucsc.edu/cgi-bin/hgTracks?db=hg38&position=chr13%3A79365708%2D79366643
chr6	31792217	31792304	chr6_31792217_31792304_-	-	3'AS	chr6_31791971_31792217_-	chr6_31792304_31792392_-	31791971	31792392	3	17.69	28.6	292.5	CHX,SS	5	https://www.genome-euro.ucsc.edu/cgi-bin/hgTracks?db=hg38&position=chr6%3A31791961%2D31792402
chr17	45283114	45283266	chr17_45283114_45283266_-	-	CE	chr17_45274593_45283114_-	chr17_45283266_45284812_-	45274593	45284812	152	7.88	3.0	232.28	CHX	1	https://www.genome-euro.ucsc.edu/cgi-bin/hgTracks?db=hg38&position=chr17%3A45274583%2D45284822
chr2	227272949	227273121	chr2_227272949_227273121_+	+	5'AS	chr2_227270952_227272949_+	chr2_227273121_227276385_+	227270952	227276385	4	4.1	5.0	539.0	CHX	3	https://www.genome-euro.ucsc.edu/cgi-bin/hgTracks?db=hg38&position=chr2%3A227270942%2D227276395
chr3	56571167	56571302	chr3_56571167_56571302_+	+	3'AS	chr3_56567053_56571167_+	chr3_56571302_56592970_+	56567053	56592970	14	2.62	3.0	591.0	CHX	1	https://www.genome-euro.ucsc.edu/cgi-bin/hgTracks?db=hg38&position=chr3%3A56567043%2D56592980
chr12	6678663	6678801	chr12_6678663_6678801_-	-	3'AS	chr12_6678460_6678663_-	chr12_6678801_6678946_-	6678460	6678946	91	6.15	4.0	665.0	CHX	2	https://www.genome-euro.ucsc.edu/cgi-bin/hgTracks?db=hg38&position=chr12%3A6678450%2D6678956
chr9	85976685	85976835	chr9_85976685_85976835_+	+	5'AS	chr9_85975157_85976685_+	chr9_85976835_85977363_+	85975157	85977363	100	12.29	9.38	530.77	CHX	8	https://www.genome-euro.ucsc.edu/cgi-bin/hgTracks?db=hg38&position=chr9%3A85975147%2D85977373
chr1	186398299	186398441	chr1_186398299_186398441_+	+	3'AS	chr1_186394015_186398299_+	chr1_186398441_186398954_+	186394015	186398954	14	5.39	11.0	349.6	CHX	1	https://www.genome-euro.ucsc.edu/cgi-bin/hgTracks?db=hg38&position=chr1%3A186394005%2D186398964
chrX	48923137	48923298	chrX_48923137_48923298_-	-	3'AS	chrX_48922910_48923137_-	chrX_48923298_48923633_-	48922910	48923633	3	14.42	19.0	487.0	CHX,SS	3	https://www.genome-euro.ucsc.edu/cgi-bin/hgTracks?db=hg38&position=chrX%3A48922900%2D48923643
chr4	44714596	44714659	chr4_44714596_44714659_-	-	CE	chr4_44711137_44714596_-	chr4_44714659_44717113_-	44711137	44717113	63	5.23	4.0	621.0	CHX	2	https://www.genome-euro.ucsc.edu/cgi-bin/hgTracks?db=hg38&position=chr4%3A44711127%2D44717123
chr5	173613127	173613255	chr5_173613127_173613255_-	-	5'AS	chr5_173609670_173613127_-	chr5_173613255_173616200_-	173609670	173616200	4	5.36	3.0	392.0	CHX	1	https://www.genome-euro.ucsc.edu/cgi-bin/hgTracks?db=hg38&position=chr5%3A173609660%2D173616210
chr4	51908920	51908979	chr4_51908920_51908979_+	+	5'AS	chr4_51899378_51908920_+	chr4_51908979_51911070_+	51899378	51911070	4	3.98	3.5	599.0	CHX	2	https://www.genome-euro.ucsc.edu/cgi-bin/hgTracks?db=hg38&position=chr4%3A51899368%2D51911080
chr10	63215549	63215696	chr10_63215549_63215696_-	-	5'AS	chr10_63215455_63215549_-	chr10_63215696_63217207_-	63215455	63217207	4	3.59	4.25	503.0	CHX,SS	4	https://www.genome-euro.ucsc.edu/cgi-bin/hgTracks?db=hg38&position=chr10%3A63215445%2D63217217
chr19	40204485	40204657	chr19_40204485_40204657_+	+	5'AS	chr19_40198555_40204485_+	chr19_40204657_40205121_+	40198555	40205121	24	3.56	3.5	433.09	CHX	2	https://www.genome-euro.ucsc.edu/cgi-bin/hgTracks?db=hg38&position=chr19%3A40198545%2D40205131
chr17	44419275	44419311	chr17_44419275_44419311_-	-	CE	chr17_44406051_44419275_-	chr17_44419311_44424349_-	44406051	44424349	36	8.96	7.0	594.0	CHX	6	https://www.genome-euro.ucsc.edu/cgi-bin/hgTracks?db=hg38&position=chr17%3A44406041%2D44424359
chr20	39010260	39010404	chr20_39010260_39010404_+	+	3'AS	chr20_39006356_39010260_+	chr20_39010404_39014880_+	39006356	39014880	20	2.14	4.5	274.1	CHX	2	https://www.genome-euro.ucsc.edu/cgi-bin/hgTracks?db=hg38&position=chr20%3A39006346%2D39014890
chr1	20749723	20749975	chr1_20749723_20749975_-	-	3'AS	chr1_20747655_20749723_-	chr1_20749975_20757166_-	20747655	20757166	93	7.72	5.5	771.0	CHX,SS	6	https://www.genome-euro.ucsc.edu/cgi-bin/hgTracks?db=hg38&position=chr1%3A20747645%2D20757176
chr15	63654119	63654375	chr15_63654119_63654375_-	-	3'AS	chr15_63652541_63654119_-	chr15_63654375_63655742_-	63652541	63655742	51	4.14	5.17	721.0	CHX,SS	6	https://www.genome-euro.ucsc.edu/cgi-bin/hgTracks?db=hg38&position=chr15%3A63652531%2D63655752
chr7	102196867	102197305	chr7_102196867_102197305_+	+	3'AS	chr7_102195603_102196867_+	chr7_102197305_102200071_+	102195603	102200071	73	3.57	3.0	795.0	CHX	1	https://www.genome-euro.ucsc.edu/cgi-bin/hgTracks?db=hg38&position=chr7%3A102195593%2D102200081
chr10	102597137	102597293	chr10_102597137_102597293_+	+	3'AS	chr10_102594065_102597137_+	chr10_102597293_102599433_+	102594065	102599433	3	5.6	5.5	622.0	SS	6	https://www.genome-euro.ucsc.edu/cgi-bin/hgTracks?db=hg38&position=chr10%3A102594055%2D102599443
chr10	91496205	91496372	chr10_91496205_91496372_+	+	3'AS	chr10_91493508_91496205_+	chr10_91496372_91498108_+	91493508	91498108	9	13.94	12.47	701.0	CHX,SS	15	https://www.genome-euro.ucsc.edu/cgi-bin/hgTracks?db=hg38&position=chr10%3A91493498%2D91498118
chr3	48421224	48421384	chr3_48421224_48421384_-	-	5'AS	chr3_48420956_48421224_-	chr3_48421384_48421674_-	48420956	48421674	4	4.08	4.33	474.0	CHX,SS	6	https://www.genome-euro.ucsc.edu/cgi-bin/hgTracks?db=hg38&position=chr3%3A48420946%2D48421684
chr4	15027442	15027532	chr4_15027442_15027532_+	+	CE	chr4_15017278_15027442_+	chr4_15027532_15033161_+	15017278	15033161	90	5.19	4.0	393.96	CHX	1	https://www.genome-euro.ucsc.edu/cgi-bin/hgTracks?db=hg38&position=chr4%3A15017268%2D15033171
chr2	99171339	99171429	chr2_99171339_99171429_-	-	5'AS	chr2_99170652_99171339_-	chr2_99171429_99171510_-	99170652	99171510	4	4.35	4.0	348.2	CHX	1	https://www.genome-euro.ucsc.edu/cgi-bin/hgTracks?db=hg38&position=chr2%3A99170642%2D99171520
chr7	72881494	72881552	chr7_72881494_72881552_+	+	CE	chr7_72879885_72881494_+	chr7_72881552_72890627_+	72879885	72890627	58	15.89	7.8	188.22	CHX	5	https://www.genome-euro.ucsc.edu/cgi-bin/hgTracks?db=hg38&position=chr7%3A72879875%2D72890637
chr10	43162200	43162360	chr10_43162200_43162360_+	+	CE	chr10_43160595_43162200_+	chr10_43162360_43163866_+	43160595	43163866	160	4.72	3.0	435.51	CHX	2	https://www.genome-euro.ucsc.edu/cgi-bin/hgTracks?db=hg38&position=chr10%3A43160585%2D43163876
chr14	20449171	20449321	chr14_20449171_20449321_-	-	3'AS	chr14_20449013_20449171_-	chr14_20449321_20451974_-	20449013	20451974	20	5.74	3.0	575.0	CHX	1	https://www.genome-euro.ucsc.edu/cgi-bin/hgTracks?db=hg38&position=chr14%3A20449003%2D20451984
chr10	72335786	72335931	chr10_72335786_72335931_-	-	5'AS	chr10_72334617_72335786_-	chr10_72335931_72336524_-	72334617	72336524	48	9.06	7.5	625.0	CHX,SS	4	https://www.genome-euro.ucsc.edu/cgi-bin/hgTracks?db=hg38&position=chr10%3A72334607%2D72336534
chr20	2999331	2999425	chr20_2999331_2999425_+	+	CE	chr20_2988474_2999331_+	chr20_2999425_3005056_+	2988474	3005056	94	6.55	6.0	659.0	CHX	1	https://www.genome-euro.ucsc.edu/cgi-bin/hgTracks?db=hg38&position=chr20%3A2988464%2D3005066
chr11	77699781	77699813	chr11_77699781_77699813_-	-	CE	chr11_77698693_77699781_-	chr11_77699813_77700721_-	77698693	77700721	32	7.7	6.5	612.0	CHX	2	https://www.genome-euro.ucsc.edu/cgi-bin/hgTracks?db=hg38&position=chr11%3A77698683%2D77700731
chr8	100134956	100135019	chr8_100134956_100135019_-	-	CE	chr8_100134364_100134956_-	chr8_100135019_100137565_-	100134364	100137565	63	8.67	8.0	437.01	CHX	2	https://www.genome-euro.ucsc.edu/cgi-bin/hgTracks?db=hg38&position=chr8%3A100134354%2D100137575
chr5	61525016	61525147	chr5_61525016_61525147_+	+	CE	chr5_61521442_61525016_+	chr5_61525147_61525800_+	61521442	61525800	131	23.4	19.33	612.25	CHX	3	https://www.genome-euro.ucsc.edu/cgi-bin/hgTracks?db=hg38&position=chr5%3A61521432%2D61525810
chrX	55752246	55752401	chrX_55752246_55752401_+	+	CE	chrX_55751196_55752246_+	chrX_55752401_55753392_+	55751196	55753392	155	4.84	4.0	725.0	CHX,SS	5	https://www.genome-euro.ucsc.edu/cgi-bin/hgTracks?db=hg38&position=chrX%3A55751186%2D55753402
chr17	51067932	51068012	chr17_51067932_51068012_-	-	CE	chr17_51056482_51067932_-	chr17_51068012_51079584_-	51056482	51079584	80	28.1	25.6	662.32	CHX,SS	10	https://www.genome-euro.ucsc.edu/cgi-bin/hgTracks?db=hg38&position=chr17%3A51056472%2D51079594
chrX	55752246	55752353	chrX_55752246_55752353_+	+	CE	chrX_55751196_55752246_+	chrX_55752353_55753392_+	55751196	55753392	107	8.82	5.67	725.0	CHX,SS	3	https://www.genome-euro.ucsc.edu/cgi-bin/hgTracks?db=hg38&position=chrX%3A55751186%2D55753402
chr1	42278348	42278784	chr1_42278348_42278784_-	-	3'AS	chr1_42265189_42278348_-	chr1_42278784_42311050_-	42265189	42311050	112	4.62	4.6	766.0	CHX,SS	5	https://www.genome-euro.ucsc.edu/cgi-bin/hgTracks?db=hg38&position=chr1%3A42265179%2D42311060
chr20	45944245	45944320	chr20_45944245_45944320_+	+	CE	chr20_45943765_45944245_+	chr20_45944320_45944868_+	45943765	45944868	75	13.76	10.57	578.0	CHX	7	https://www.genome-euro.ucsc.edu/cgi-bin/hgTracks?db=hg38&position=chr20%3A45943755%2D45944878
chr1	203802569	203803016	chr1_203802569_203803016_+	+	3'AS	chr1_203801628_203802569_+	chr1_203803016_203816926_+	203801628	203816926	388	10.55	9.33	596.32	CHX,SS	6	https://www.genome-euro.ucsc.edu/cgi-bin/hgTracks?db=hg38&position=chr1%3A203801618%2D203816936
chr11	65622224	65622366	chr11_65622224_65622366_+	+	3'AS	chr11_65620966_65622224_+	chr11_65622366_65623491_+	65620966	65623491	21	3.23	7.0	623.0	SS	1	https://www.genome-euro.ucsc.edu/cgi-bin/hgTracks?db=hg38&position=chr11%3A65620956%2D65623501
chr3	168029220	168029302	chr3_168029220_168029302_-	-	5'AS	chr3_168027837_168029220_-	chr3_168029302_168029780_-	168027837	168029780	3	22.77	28.79	415.07	CHX,SS	14	https://www.genome-euro.ucsc.edu/cgi-bin/hgTracks?db=hg38&position=chr3%3A168027827%2D168029790
chr11	59656499	59656624	chr11_59656499_59656624_-	-	3'AS	chr11_59655740_59656499_-	chr11_59656624_59657530_-	59655740	59657530	24	19.86	13.0	323.97	CHX	1	https://www.genome-euro.ucsc.edu/cgi-bin/hgTracks?db=hg38&position=chr11%3A59655730%2D59657540
chr2	206160882	206161132	chr2_206160882_206161132_+	+	3'AS	chr2_206160710_206160882_+	chr2_206161132_206161346_+	206160710	206161346	5	113.32	109.0	287.25	CHX	1	https://www.genome-euro.ucsc.edu/cgi-bin/hgTracks?db=hg38&position=chr2%3A206160700%2D206161356
chr4	38694474	38694552	chr4_38694474_38694552_+	+	CE	chr4_38689879_38694474_+	chr4_38694552_38694746_+	38689879	38694746	78	4.77	4.0	621.0	CHX	5	https://www.genome-euro.ucsc.edu/cgi-bin/hgTracks?db=hg38&position=chr4%3A38689869%2D38694756
chr16	3992146	3992367	chr16_3992146_3992367_-	-	3'AS	chr16_3989096_3992146_-	chr16_3992367_3993406_-	3989096	3993406	4	3.2	3.5	304.33	CHX	2	https://www.genome-euro.ucsc.edu/cgi-bin/hgTracks?db=hg38&position=chr16%3A3989086%2D3993416
chr10	18548112	18548247	chr10_18548112_18548247_-	-	3'AS	chr10_18546145_18548112_-	chr10_18548247_18551823_-	18546145	18551823	10	4.55	3.0	286.1	CHX	1	https://www.genome-euro.ucsc.edu/cgi-bin/hgTracks?db=hg38&position=chr10%3A18546135%2D18551833
chr5	78421801	78421967	chr5_78421801_78421967_+	+	5'AS	chr5_78418903_78421801_+	chr5_78421967_78449933_+	78418903	78449933	7	2.45	3.0	530.0	CHX	1	https://www.genome-euro.ucsc.edu/cgi-bin/hgTracks?db=hg38&position=chr5%3A78418893%2D78449943
chr13	114007524	114007606	chr13_114007524_114007606_-	-	5'AS	chr13_114000932_114007524_-	chr13_114007606_114009387_-	114000932	114009387	9	5.36	3.0	402.0	CHX	1	https://www.genome-euro.ucsc.edu/cgi-bin/hgTracks?db=hg38&position=chr13%3A114000922%2D114009397
chr3	52480184	52480303	chr3_52480184_52480303_+	+	5'AS	chr3_52479862_52480184_+	chr3_52480303_52480879_+	52479862	52480879	8	4.04	3.0	603.0	CHX	1	https://www.genome-euro.ucsc.edu/cgi-bin/hgTracks?db=hg38&position=chr3%3A52479852%2D52480889
chr9	85646321	85646435	chr9_85646321_85646435_-	-	3'AS	chr9_85642943_85646321_-	chr9_85646435_85655143_-	85642943	85655143	17	7.97	4.0	516.68	CHX	1	https://www.genome-euro.ucsc.edu/cgi-bin/hgTracks?db=hg38&position=chr9%3A85642933%2D85655153
chr19	12658428	12658513	chr19_12658428_12658513_-	-	3'AS	chr19_12658344_12658428_-	chr19_12658513_12661260_-	12658344	12661260	3	5.81	7.63	378.0	CHX,SS	8	https://www.genome-euro.ucsc.edu/cgi-bin/hgTracks?db=hg38&position=chr19%3A12658334%2D12661270
chr19	15271322	15271392	chr19_15271322_15271392_-	-	CE	chr19_15269042_15271322_-	chr19_15271392_15272815_-	15269042	15272815	70	21.88	16.0	207.6	CHX,SS	3	https://www.genome-euro.ucsc.edu/cgi-bin/hgTracks?db=hg38&position=chr19%3A15269032%2D15272825
chr20	63964320	63964395	chr20_63964320_63964395_-	-	3'AS	chr20_63964217_63964320_-	chr20_63964395_63964490_-	63964217	63964490	4	5.9	7.0	578.0	CHX	1	https://www.genome-euro.ucsc.edu/cgi-bin/hgTracks?db=hg38&position=chr20%3A63964207%2D63964500
chr2	28410473	28410575	chr2_28410473_28410575_+	+	CE	chr2_28408866_28410473_+	chr2_28410575_28411930_+	28408866	28411930	102	241.06	26.5	269.24	CHX	2	https://www.genome-euro.ucsc.edu/cgi-bin/hgTracks?db=hg38&position=chr2%3A28408856%2D28411940
chrX	55752241	55752401	chrX_55752241_55752401_+	+	CE	chrX_55751196_55752241_+	chrX_55752401_55753392_+	55751196	55753392	160	5.17	5.0	725.0	CHX,SS	6	https://www.genome-euro.ucsc.edu/cgi-bin/hgTracks?db=hg38&position=chrX%3A55751186%2D55753402
chr2	36884520	36884606	chr2_36884520_36884606_-	-	CE	chr2_36884075_36884520_-	chr2_36884606_36886716_-	36884075	36886716	86	5.14	3.67	722.0	CHX,SS	3	https://www.genome-euro.ucsc.edu/cgi-bin/hgTracks?db=hg38&position=chr2%3A36884065%2D36886726
chr12	112254043	112254189	chr12_112254043_112254189_-	-	3'AS	chr12_112252528_112254043_-	chr12_112254189_112256320_-	112252528	112256320	27	3.83	4.33	756.0	CHX,SS	3	https://www.genome-euro.ucsc.edu/cgi-bin/hgTracks?db=hg38&position=chr12%3A112252518%2D112256330
chr4	2932600	2932733	chr4_2932600_2932733_-	-	3'AS	chr4_2932512_2932600_-	chr4_2932733_2933106_-	2932512	2933106	43	7.59	4.0	295.19	SS	1	https://www.genome-euro.ucsc.edu/cgi-bin/hgTracks?db=hg38&position=chr4%3A2932502%2D2933116
chr6	143438586	143438694	chr6_143438586_143438694_-	-	5'AS	chr6_143433981_143438586_-	chr6_143438694_143441438_-	143433981	143441438	4	5.13	5.0	364.8	SS	1	https://www.genome-euro.ucsc.edu/cgi-bin/hgTracks?db=hg38&position=chr6%3A143433971%2D143441448
chr16	30709814	30710128	chr16_30709814_30710128_+	+	3'AS	chr16_30709735_30709814_+	chr16_30710128_30710754_+	30709735	30710754	37	10.51	12.0	655.0	CHX	3	https://www.genome-euro.ucsc.edu/cgi-bin/hgTracks?db=hg38&position=chr16%3A30709725%2D30710764
chr14	75745490	75745586	chr14_75745490_75745586_+	+	5'AS	chr14_75745208_75745490_+	chr14_75745586_75752893_+	75745208	75752893	5	3.76	5.75	535.0	CHX	4	https://www.genome-euro.ucsc.edu/cgi-bin/hgTracks?db=hg38&position=chr14%3A75745198%2D75752903
chr1	20879282	20879520	chr1_20879282_20879520_-	-	5'AS	chr1_20865262_20879282_-	chr1_20879520_20886201_-	20865262	20886201	41	3.89	3.67	681.0	CHX	3	https://www.genome-euro.ucsc.edu/cgi-bin/hgTracks?db=hg38&position=chr1%3A20865252%2D20886211
chr15	50936446	50936501	chr15_50936446_50936501_+	+	CE	chr15_50934697_50936446_+	chr15_50936501_50941442_+	50934697	50941442	55	7.39	5.0	539.0	CHX	3	https://www.genome-euro.ucsc.edu/cgi-bin/hgTracks?db=hg38&position=chr15%3A50934687%2D50941452
chr3	44933114	44933199	chr3_44933114_44933199_-	-	5'AS	chr3_44929436_44933114_-	chr3_44933199_44933888_-	44929436	44933888	4	3.79	4.0	602.33	CHX	1	https://www.genome-euro.ucsc.edu/cgi-bin/hgTracks?db=hg38&position=chr3%3A44929426%2D44933898
chr2	53771907	53771947	chr2_53771907_53771947_+	+	5'AS	chr2_53768021_53771907_+	chr2_53771947_53774142_+	53768021	53774142	5	11.56	9.36	636.0	CHX,SS	11	https://www.genome-euro.ucsc.edu/cgi-bin/hgTracks?db=hg38&position=chr2%3A53768011%2D53774152
chr19	19347280	19347370	chr19_19347280_19347370_+	+	5'AS	chr19_19345369_19347280_+	chr19_19347370_19348889_+	19345369	19348889	4	4.98	6.86	651.0	CHX,SS	7	https://www.genome-euro.ucsc.edu/cgi-bin/hgTracks?db=hg38&position=chr19%3A19345359%2D19348899
chr7	74715123	74715166	chr7_74715123_74715166_+	+	CE	chr7_74714916_74715123_+	chr7_74715166_74716894_+	74714916	74716894	43	5.25	5.0	614.0	CHX	1	https://www.genome-euro.ucsc.edu/cgi-bin/hgTracks?db=hg38&position=chr7%3A74714906%2D74716904
chr7	100477277	100477462	chr7_100477277_100477462_-	-	3'AS	chr7_100474440_100477277_-	chr7_100477462_100478794_-	100474440	100478794	3	5.29	6.33	460.0	CHX,SS	3	https://www.genome-euro.ucsc.edu/cgi-bin/hgTracks?db=hg38&position=chr7%3A100474430%2D100478804
chr12	62392256	62392387	chr12_62392256_62392387_+	+	3'AS	chr12_62391886_62392256_+	chr12_62392387_62393053_+	62391886	62393053	16	2.95	6.0	696.0	CHX	1	https://www.genome-euro.ucsc.edu/cgi-bin/hgTracks?db=hg38&position=chr12%3A62391876%2D62393063
chr5	91373684	91373876	chr5_91373684_91373876_-	-	3'AS	chr5_91371456_91373684_-	chr5_91373876_91374114_-	91371456	91374114	38	31.7	36.27	641.0	CHX,SS	11	https://www.genome-euro.ucsc.edu/cgi-bin/hgTracks?db=hg38&position=chr5%3A91371446%2D91374124
chr7	92577655	92577811	chr7_92577655_92577811_-	-	3'AS	chr7_92577195_92577655_-	chr7_92577811_92578150_-	92577195	92578150	135	9.63	7.5	510.07	CHX	2	https://www.genome-euro.ucsc.edu/cgi-bin/hgTracks?db=hg38&position=chr7%3A92577185%2D92578160
chrX	49039107	49039391	chrX_49039107_49039391_-	-	3'AS	chrX_49038442_49039107_-	chrX_49039391_49040455_-	49038442	49040455	46	8.8	10.0	589.0	SS	2	https://www.genome-euro.ucsc.edu/cgi-bin/hgTracks?db=hg38&position=chrX%3A49038432%2D49040465
chr4	83443504	83443614	chr4_83443504_83443614_-	-	5'AS	chr4_83441403_83443504_-	chr4_83443614_83446014_-	83441403	83446014	13	13.35	14.0	344.12	CHX	1	https://www.genome-euro.ucsc.edu/cgi-bin/hgTracks?db=hg38&position=chr4%3A83441393%2D83446024
chr9	113286193	113286290	chr9_113286193_113286290_+	+	3'AS	chr9_113284389_113286193_+	chr9_113286290_113286705_+	113284389	113286705	39	27.54	27.25	649.0	CHX	4	https://www.genome-euro.ucsc.edu/cgi-bin/hgTracks?db=hg38&position=chr9%3A113284379%2D113286715
chr1	108695702	108695780	chr1_108695702_108695780_+	+	5'AS	chr1_108692867_108695702_+	chr1_108695780_108696043_+	108692867	108696043	10	67.74	81.73	654.0	CHX,SS	15	https://www.genome-euro.ucsc.edu/cgi-bin/hgTracks?db=hg38&position=chr1%3A108692857%2D108696053
chr15	82821711	82821839	chr15_82821711_82821839_+	+	CE	chr15_82819488_82821711_+	chr15_82821839_82823100_+	82819488	82823100	128	89.14	46.0	368.45	CHX,SS	11	https://www.genome-euro.ucsc.edu/cgi-bin/hgTracks?db=hg38&position=chr15%3A82819478%2D82823110
chr10	30336803	30337031	chr10_30336803_30337031_-	-	3'AS	chr10_30326635_30336803_-	chr10_30337031_30340226_-	30326635	30340226	4	6.98	5.6	410.8	CHX	5	https://www.genome-euro.ucsc.edu/cgi-bin/hgTracks?db=hg38&position=chr10%3A30326625%2D30340236
chr3	141555806	141555912	chr3_141555806_141555912_+	+	3'AS	chr3_141553940_141555806_+	chr3_141555912_141558886_+	141553940	141558886	34	5.85	4.0	657.0	CHX	4	https://www.genome-euro.ucsc.edu/cgi-bin/hgTracks?db=hg38&position=chr3%3A141553930%2D141558896
chr1	92290198	92290330	chr1_92290198_92290330_-	-	3'AS	chr1_92289151_92290198_-	chr1_92290330_92291418_-	92289151	92291418	24	7.76	6.86	553.49	CHX,SS	7	https://www.genome-euro.ucsc.edu/cgi-bin/hgTracks?db=hg38&position=chr1%3A92289141%2D92291428
chr11	93695482	93695673	chr11_93695482_93695673_+	+	3'AS	chr11_93692030_93695482_+	chr11_93695673_93696320_+	93692030	93696320	15	4.28	5.0	269.08	CHX,SS	3	https://www.genome-euro.ucsc.edu/cgi-bin/hgTracks?db=hg38&position=chr11%3A93692020%2D93696330
chr2	61314001	61314153	chr2_61314001_61314153_-	-	CE	chr2_61311910_61314001_-	chr2_61314153_61314585_-	61311910	61314585	152	4.82	4.0	692.0	CHX	2	https://www.genome-euro.ucsc.edu/cgi-bin/hgTracks?db=hg38&position=chr2%3A61311900%2D61314595
chr13	32770651	32770761	chr13_32770651_32770761_+	+	3'AS	chr13_32770560_32770651_+	chr13_32770761_32773189_+	32770560	32773189	3	6.15	6.62	614.0	CHX,SS	13	https://www.genome-euro.ucsc.edu/cgi-bin/hgTracks?db=hg38&position=chr13%3A32770550%2D32773199
chr2	135754140	135754277	chr2_135754140_135754277_+	+	3'AS	chr2_135753567_135754140_+	chr2_135754277_135755517_+	135753567	135755517	19	20.48	4.0	424.3	SS	1	https://www.genome-euro.ucsc.edu/cgi-bin/hgTracks?db=hg38&position=chr2%3A135753557%2D135755527
chr5	37045443	37045603	chr5_37045443_37045603_+	+	5'AS	chr5_37044729_37045443_+	chr5_37045603_37046109_+	37044729	37046109	6	9.64	5.25	409.59	CHX,SS	4	https://www.genome-euro.ucsc.edu/cgi-bin/hgTracks?db=hg38&position=chr5%3A37044719%2D37046119
chr8	123427924	123428031	chr8_123427924_123428031_+	+	5'AS	chr8_123416932_123427924_+	chr8_123428031_123429983_+	123416932	123429983	8	2.59	5.0	426.63	CHX	1	https://www.genome-euro.ucsc.edu/cgi-bin/hgTracks?db=hg38&position=chr8%3A123416922%2D123429993
chr14	45110071	45110220	chr14_45110071_45110220_+	+	3'AS	chr14_45109993_45110071_+	chr14_45110220_45110549_+	45109993	45110549	23	3.09	5.0	694.0	CHX	1	https://www.genome-euro.ucsc.edu/cgi-bin/hgTracks?db=hg38&position=chr14%3A45109983%2D45110559
chr3	122457665	122457848	chr3_122457665_122457848_-	-	5'AS	chr3_122454001_122457665_-	chr3_122457848_122461224_-	122454001	122461224	61	7.06	6.0	752.0	CHX	1	https://www.genome-euro.ucsc.edu/cgi-bin/hgTracks?db=hg38&position=chr3%3A122453991%2D122461234
chr1	28696927	28697091	chr1_28696927_28697091_+	+	5'AS	chr1_28693045_28696927_+	chr1_28697091_28702438_+	28693045	28702438	7	7.07	7.0	487.61	CHX	4	https://www.genome-euro.ucsc.edu/cgi-bin/hgTracks?db=hg38&position=chr1%3A28693035%2D28702448
chr10	68376853	68377015	chr10_68376853_68377015_-	-	3'AS	chr10_68364113_68376853_-	chr10_68377015_68379424_-	68364113	68379424	43	14.34	18.22	762.0	CHX,SS	9	https://www.genome-euro.ucsc.edu/cgi-bin/hgTracks?db=hg38&position=chr10%3A68364103%2D68379434
chr20	21339020	21339088	chr20_21339020_21339088_+	+	3'AS	chr20_21334185_21339020_+	chr20_21339088_21340721_+	21334185	21340721	24	9.26	9.0	652.0	CHX	1	https://www.genome-euro.ucsc.edu/cgi-bin/hgTracks?db=hg38&position=chr20%3A21334175%2D21340731
chr13	99969769	99969929	chr13_99969769_99969929_-	-	CE	chr13_99965819_99969769_-	chr13_99969929_99970127_-	99965819	99970127	160	4.94	3.4	199.08	CHX,SS	5	https://www.genome-euro.ucsc.edu/cgi-bin/hgTracks?db=hg38&position=chr13%3A99965809%2D99970137
chr17	56856512	56856665	chr17_56856512_56856665_+	+	5'AS	chr17_56849232_56856512_+	chr17_56856665_56858594_+	56849232	56858594	40	4.85	4.5	530.31	CHX,SS	6	https://www.genome-euro.ucsc.edu/cgi-bin/hgTracks?db=hg38&position=chr17%3A56849222%2D56858604
chr17	38780447	38780604	chr17_38780447_38780604_-	-	5'AS	chr17_38779529_38780447_-	chr17_38780604_38784243_-	38779529	38784243	5	1.78	4.5	408.0	CHX	2	https://www.genome-euro.ucsc.edu/cgi-bin/hgTracks?db=hg38&position=chr17%3A38779519%2D38784253
chr13	95936920	95937088	chr13_95936920_95937088_-	-	5'AS	chr13_95927336_95936920_-	chr13_95937088_95939957_-	95927336	95939957	4	1.87	3.0	508.0	CHX	1	https://www.genome-euro.ucsc.edu/cgi-bin/hgTracks?db=hg38&position=chr13%3A95927326%2D95939967
chr1	186389583	186389624	chr1_186389583_186389624_+	+	3'AS	chr1_186388548_186389583_+	chr1_186389624_186390711_+	186388548	186390711	5	14.06	13.9	399.0	CHX,SS	10	https://www.genome-euro.ucsc.edu/cgi-bin/hgTracks?db=hg38&position=chr1%3A186388538%2D186390721
chr8	102302271	102302481	chr8_102302271_102302481_-	-	CE	chr8_102300151_102302271_-	chr8_102302481_102304043_-	102300151	102304043	210	11.16	5.25	702.81	CHX	4	https://www.genome-euro.ucsc.edu/cgi-bin/hgTracks?db=hg38&position=chr8%3A102300141%2D102304053
chr7	32570020	32570166	chr7_32570020_32570166_+	+	5'AS	chr7_32559464_32570020_+	chr7_32570166_32573199_+	32559464	32573199	12	3.52	6.29	419.48	CHX,SS	7	https://www.genome-euro.ucsc.edu/cgi-bin/hgTracks?db=hg38&position=chr7%3A32559454%2D32573209
chr7	24849065	24849176	chr7_24849065_24849176_-	-	5'AS	chr7_24842413_24849065_-	chr7_24849176_24852504_-	24842413	24852504	4	4.0	4.0	539.0	CHX	1	https://www.genome-euro.ucsc.edu/cgi-bin/hgTracks?db=hg38&position=chr7%3A24842403%2D24852514
chr5	146230654	146230917	chr5_146230654_146230917_+	+	3'AS	chr5_146229910_146230654_+	chr5_146230917_146233450_+	146229910	146233450	3	6.2	8.83	442.36	CHX,SS	6	https://www.genome-euro.ucsc.edu/cgi-bin/hgTracks?db=hg38&position=chr5%3A146229900%2D146233460
chr1	155268293	155268445	chr1_155268293_155268445_-	-	3'AS	chr1_155268126_155268293_-	chr1_155268445_155268708_-	155268126	155268708	86	9.08	4.0	396.76	SS	1	https://www.genome-euro.ucsc.edu/cgi-bin/hgTracks?db=hg38&position=chr1%3A155268116%2D155268718
chr9	85978225	85978381	chr9_85978225_85978381_+	+	3'AS	chr9_85977446_85978225_+	chr9_85978381_85996399_+	85977446	85996399	42	5.79	7.0	661.96	CHX	2	https://www.genome-euro.ucsc.edu/cgi-bin/hgTracks?db=hg38&position=chr9%3A85977436%2D85996409
chr12	829920	830160	chr12_829920_830160_+	+	3'AS	chr12_827262_829920_+	chr12_830160_857161_+	827262	857161	83	9.0	14.0	338.18	CHX	1	https://www.genome-euro.ucsc.edu/cgi-bin/hgTracks?db=hg38&position=chr12%3A827252%2D857171
chr2	69509231	69509463	chr2_69509231_69509463_-	-	3'AS	chr2_69507578_69509231_-	chr2_69509463_69514471_-	69507578	69514471	3	6.7	7.14	457.0	CHX,SS	7	https://www.genome-euro.ucsc.edu/cgi-bin/hgTracks?db=hg38&position=chr2%3A69507568%2D69514481
chr13	45014932	45015083	chr13_45014932_45015083_+	+	3'AS	chr13_45008879_45014932_+	chr13_45015083_45015432_+	45008879	45015432	20	4.26	3.0	298.29	CHX	1	https://www.genome-euro.ucsc.edu/cgi-bin/hgTracks?db=hg38&position=chr13%3A45008869%2D45015442
chr11	118373494	118373703	chr11_118373494_118373703_+	+	5'AS	chr11_118373288_118373494_+	chr11_118373703_118374896_+	118373288	118374896	18	4.21	3.6	378.62	CHX,SS	5	https://www.genome-euro.ucsc.edu/cgi-bin/hgTracks?db=hg38&position=chr11%3A118373278%2D118374906
chr10	97468966	97469126	chr10_97468966_97469126_-	-	3'AS	chr10_97468406_97468966_-	chr10_97469126_97469646_-	97468406	97469646	22	4.48	3.67	573.0	CHX	3	https://www.genome-euro.ucsc.edu/cgi-bin/hgTracks?db=hg38&position=chr10%3A97468396%2D97469656
chr2	39286848	39286964	chr2_39286848_39286964_-	-	5'AS	chr2_39282554_39286848_-	chr2_39286964_39288121_-	39282554	39288121	4	2.24	3.0	560.0	CHX	1	https://www.genome-euro.ucsc.edu/cgi-bin/hgTracks?db=hg38&position=chr2%3A39282544%2D39288131
chr11	32947701	32947729	chr11_32947701_32947729_+	+	CE	chr11_32935435_32947701_+	chr11_32947729_32953857_+	32935435	32953857	28	5.67	4.0	512.0	CHX	2	https://www.genome-euro.ucsc.edu/cgi-bin/hgTracks?db=hg38&position=chr11%3A32935425%2D32953867
chr12	331794	331938	chr12_331794_331938_-	-	5'AS	chr12_329029_331794_-	chr12_331938_333487_-	329029	333487	25	4.98	5.0	688.0	CHX	1	https://www.genome-euro.ucsc.edu/cgi-bin/hgTracks?db=hg38&position=chr12%3A329019%2D333497
chr9	70276669	70276731	chr9_70276669_70276731_+	+	CE	chr9_70267975_70276669_+	chr9_70276731_70277310_+	70267975	70277310	62	7.19	6.0	437.86	CHX	1	https://www.genome-euro.ucsc.edu/cgi-bin/hgTracks?db=hg38&position=chr9%3A70267965%2D70277320
chr1	6212668	6213183	chr1_6212668_6213183_+	+	3'AS	chr1_6212416_6212668_+	chr1_6213183_6218289_+	6212416	6218289	14	5.06	8.0	302.76	SS	1	https://www.genome-euro.ucsc.edu/cgi-bin/hgTracks?db=hg38&position=chr1%3A6212406%2D6218299
chr15	78275601	78275728	chr15_78275601_78275728_+	+	3'AS	chr15_78274424_78275601_+	chr15_78275728_78280045_+	78274424	78280045	10	21.16	28.0	655.0	CHX	1	https://www.genome-euro.ucsc.edu/cgi-bin/hgTracks?db=hg38&position=chr15%3A78274414%2D78280055
chr17	36577983	36578192	chr17_36577983_36578192_+	+	5'AS	chr17_36567776_36577983_+	chr17_36578192_36579245_+	36567776	36579245	6	49.06	52.61	688.0	CHX,SS	18	https://www.genome-euro.ucsc.edu/cgi-bin/hgTracks?db=hg38&position=chr17%3A36567766%2D36579255
chr7	32575727	32575824	chr7_32575727_32575824_+	+	CE	chr7_32573418_32575727_+	chr7_32575824_32575955_+	32573418	32575955	97	6.1	3.5	508.0	CHX	2	https://www.genome-euro.ucsc.edu/cgi-bin/hgTracks?db=hg38&position=chr7%3A32573408%2D32575965
chr11	77725535	77725699	chr11_77725535_77725699_-	-	5'AS	chr11_77702495_77725535_-	chr11_77725699_77740731_-	77702495	77740731	10	4.0	3.67	618.0	CHX	3	https://www.genome-euro.ucsc.edu/cgi-bin/hgTracks?db=hg38&position=chr11%3A77702485%2D77740741
chr11	64903590	64903676	chr11_64903590_64903676_-	-	3'AS	chr11_64903364_64903590_-	chr11_64903676_64905563_-	64903364	64905563	16	8.15	6.67	310.59	CHX,SS	3	https://www.genome-euro.ucsc.edu/cgi-bin/hgTracks?db=hg38&position=chr11%3A64903354%2D64905573
chr2	53913871	53913931	chr2_53913871_53913931_-	-	CE	chr2_53910130_53913871_-	chr2_53913931_53919151_-	53910130	53919151	60	10.74	9.0	673.0	CHX	3	https://www.genome-euro.ucsc.edu/cgi-bin/hgTracks?db=hg38&position=chr2%3A53910120%2D53919161
chr5	5453116	5453212	chr5_5453116_5453212_+	+	CE	chr5_5447897_5453116_+	chr5_5453212_5454552_+	5447897	5454552	96	9.49	6.33	488.92	CHX	3	https://www.genome-euro.ucsc.edu/cgi-bin/hgTracks?db=hg38&position=chr5%3A5447887%2D5454562
chr14	69992384	69992473	chr14_69992384_69992473_+	+	3'AS	chr14_69977965_69992384_+	chr14_69992473_69994400_+	69977965	69994400	33	67.75	74.88	612.98	CHX,SS	16	https://www.genome-euro.ucsc.edu/cgi-bin/hgTracks?db=hg38&position=chr14%3A69977955%2D69994410
chr14	45046901	45047024	chr14_45046901_45047024_+	+	CE	chr14_45046703_45046901_+	chr14_45047024_45052436_+	45046703	45052436	123	4.88	4.67	379.73	CHX	3	https://www.genome-euro.ucsc.edu/cgi-bin/hgTracks?db=hg38&position=chr14%3A45046693%2D45052446
chrX	55752241	55752353	chrX_55752241_55752353_+	+	CE	chrX_55751196_55752241_+	chrX_55752353_55753392_+	55751196	55753392	112	6.78	4.33	725.0	CHX,SS	3	https://www.genome-euro.ucsc.edu/cgi-bin/hgTracks?db=hg38&position=chrX%3A55751186%2D55753402
chr2	105280382	105280742	chr2_105280382_105280742_-	-	3'AS	chr2_105277671_105280382_-	chr2_105280742_105284316_-	105277671	105284316	19	4.64	5.88	719.0	CHX,SS	8	https://www.genome-euro.ucsc.edu/cgi-bin/hgTracks?db=hg38&position=chr2%3A105277661%2D105284326
chr6	42974003	42974105	chr6_42974003_42974105_-	-	3'AS	chr6_42969987_42974003_-	chr6_42974105_42974875_-	42969987	42974875	19	6.04	6.0	311.07	CHX	3	https://www.genome-euro.ucsc.edu/cgi-bin/hgTracks?db=hg38&position=chr6%3A42969977%2D42974885
chr10	103326534	103326654	chr10_103326534_103326654_-	-	3'AS	chr10_103314272_103326534_-	chr10_103326654_103333925_-	103314272	103333925	22	4.21	3.0	335.27	CHX	1	https://www.genome-euro.ucsc.edu/cgi-bin/hgTracks?db=hg38&position=chr10%3A103314262%2D103333935
chrX	55752227	55752353	chrX_55752227_55752353_+	+	CE	chrX_55751196_55752227_+	chrX_55752353_55753392_+	55751196	55753392	126	4.24	4.0	725.0	CHX	1	https://www.genome-euro.ucsc.edu/cgi-bin/hgTracks?db=hg38&position=chrX%3A55751186%2D55753402
chr10	58388670	58388823	chr10_58388670_58388823_+	+	5'AS	chr10_58388260_58388670_+	chr10_58388823_58394358_+	58388260	58394358	4	3.85	6.5	403.2	CHX	2	https://www.genome-euro.ucsc.edu/cgi-bin/hgTracks?db=hg38&position=chr10%3A58388250%2D58394368
chr10	124962287	124962408	chr10_124962287_124962408_+	+	CE	chr10_124943307_124962287_+	chr10_124962408_124966594_+	124943307	124966594	121	15.57	10.56	594.44	CHX	9	https://www.genome-euro.ucsc.edu/cgi-bin/hgTracks?db=hg38&position=chr10%3A124943297%2D124966604
chr12	69262370	69262562	chr12_69262370_69262562_+	+	3'AS	chr12_69260197_69262370_+	chr12_69262562_69269512_+	69260197	69269512	3	27.22	35.67	676.0	CHX,SS	12	https://www.genome-euro.ucsc.edu/cgi-bin/hgTracks?db=hg38&position=chr12%3A69260187%2D69269522
chr1	154241700	154241797	chr1_154241700_154241797_+	+	CE	chr1_154241565_154241700_+	chr1_154241797_154243217_+	154241565	154243217	97	94.94	71.2	588.0	CHX	5	https://www.genome-euro.ucsc.edu/cgi-bin/hgTracks?db=hg38&position=chr1%3A154241555%2D154243227
chr9	134049676	134049757	chr9_134049676_134049757_-	-	CE	chr9_134048454_134049676_-	chr9_134049757_134050374_-	134048454	134050374	81	7.51	5.88	325.53	CHX,SS	8	https://www.genome-euro.ucsc.edu/cgi-bin/hgTracks?db=hg38&position=chr9%3A134048444%2D134050384
chr8	100134956	100135004	chr8_100134956_100135004_-	-	CE	chr8_100134364_100134956_-	chr8_100135004_100137565_-	100134364	100137565	48	3.67	3.0	435.49	CHX	1	https://www.genome-euro.ucsc.edu/cgi-bin/hgTracks?db=hg38&position=chr8%3A100134354%2D100137575
chr1	116027116	116027216	chr1_116027116_116027216_+	+	CE	chr1_116027022_116027116_+	chr1_116027216_116031403_+	116027022	116031403	100	3.65	3.0	351.0	CHX	1	https://www.genome-euro.ucsc.edu/cgi-bin/hgTracks?db=hg38&position=chr1%3A116027012%2D116031413
chr14	74771692	74771746	chr14_74771692_74771746_+	+	CE	chr14_74764362_74771692_+	chr14_74771746_74778447_+	74764362	74778447	54	6.42	5.67	605.0	CHX	6	https://www.genome-euro.ucsc.edu/cgi-bin/hgTracks?db=hg38&position=chr14%3A74764352%2D74778457
chr1	52357001	52357146	chr1_52357001_52357146_-	-	3'AS	chr1_52356442_52357001_-	chr1_52357146_52357526_-	52356442	52357526	20	6.18	6.0	538.0	CHX	5	https://www.genome-euro.ucsc.edu/cgi-bin/hgTracks?db=hg38&position=chr1%3A52356432%2D52357536
chr6	24415016	24415163	chr6_24415016_24415163_+	+	3'AS	chr6_24412395_24415016_+	chr6_24415163_24416397_+	24412395	24416397	17	7.97	9.0	597.0	CHX,SS	10	https://www.genome-euro.ucsc.edu/cgi-bin/hgTracks?db=hg38&position=chr6%3A24412385%2D24416407
chr8	23328382	23328583	chr8_23328382_23328583_-	-	3'AS	chr8_23322281_23328382_-	chr8_23328583_23333401_-	23322281	23333401	18	9.97	8.71	293.72	CHX,SS	7	https://www.genome-euro.ucsc.edu/cgi-bin/hgTracks?db=hg38&position=chr8%3A23322271%2D23333411
chr7	92577655	92577679	chr7_92577655_92577679_-	-	3'AS	chr7_92577195_92577655_-	chr7_92577679_92578150_-	92577195	92578150	3	16.23	13.0	685.0	CHX	9	https://www.genome-euro.ucsc.edu/cgi-bin/hgTracks?db=hg38&position=chr7%3A92577185%2D92578160
chr6	10697321	10697486	chr6_10697321_10697486_+	+	3'AS	chr6_10695069_10697321_+	chr6_10697486_10702369_+	10695069	10702369	3	25.57	25.9	332.86	CHX,SS	10	https://www.genome-euro.ucsc.edu/cgi-bin/hgTracks?db=hg38&position=chr6%3A10695059%2D10702379
chr7	21443591	21443645	chr7_21443591_21443645_+	+	CE	chr7_21430843_21443591_+	chr7_21443645_21477079_+	21430843	21477079	54	5.07	4.0	597.0	CHX	3	https://www.genome-euro.ucsc.edu/cgi-bin/hgTracks?db=hg38&position=chr7%3A21430833%2D21477089
chr15	65481511	65481615	chr15_65481511_65481615_-	-	5'AS	chr15_65480399_65481511_-	chr15_65481615_65485099_-	65480399	65485099	4	4.6	11.13	652.0	CHX	8	https://www.genome-euro.ucsc.edu/cgi-bin/hgTracks?db=hg38&position=chr15%3A65480389%2D65485109
chr9	137817439	137817529	chr9_137817439_137817529_+	+	5'AS	chr9_137816062_137817439_+	chr9_137817529_137818060_+	137816062	137818060	4	4.75	3.0	449.8	CHX	1	https://www.genome-euro.ucsc.edu/cgi-bin/hgTracks?db=hg38&position=chr9%3A137816052%2D137818070
chr3	170128340	170128408	chr3_170128340_170128408_-	-	3'AS	chr3_170122744_170128340_-	chr3_170128408_170128684_-	170122744	170128684	21	10.27	9.8	702.0	CHX	5	https://www.genome-euro.ucsc.edu/cgi-bin/hgTracks?db=hg38&position=chr3%3A170122734%2D170128694
chr11	113760193	113760368	chr11_113760193_113760368_-	-	5'AS	chr11_113758706_113760193_-	chr11_113760368_113760513_-	113758706	113760513	16	7.25	8.0	374.56	CHX	6	https://www.genome-euro.ucsc.edu/cgi-bin/hgTracks?db=hg38&position=chr11%3A113758696%2D113760523
chr16	58542231	58542354	chr16_58542231_58542354_-	-	3'AS	chr16_58541620_58542231_-	chr16_58542354_58542428_-	58541620	58542428	19	17.48	7.0	332.4	CHX	1	https://www.genome-euro.ucsc.edu/cgi-bin/hgTracks?db=hg38&position=chr16%3A58541610%2D58542438
chr11	18090175	18090265	chr11_18090175_18090265_-	-	3'AS	chr11_18089510_18090175_-	chr11_18090265_18090434_-	18089510	18090434	4	5.73	7.0	574.0	CHX	1	https://www.genome-euro.ucsc.edu/cgi-bin/hgTracks?db=hg38&position=chr11%3A18089500%2D18090444
chr11	65622206	65622366	chr11_65622206_65622366_+	+	3'AS	chr11_65620966_65622206_+	chr11_65622366_65623491_+	65620966	65623491	39	25.12	29.22	623.0	CHX,SS	18	https://www.genome-euro.ucsc.edu/cgi-bin/hgTracks?db=hg38&position=chr11%3A65620956%2D65623501
chr11	59657080	59657153	chr11_59657080_59657153_-	-	CE	chr11_59656600_59657080_-	chr11_59657153_59657530_-	59656600	59657530	73	81.62	72.22	687.0	CHX	9	https://www.genome-euro.ucsc.edu/cgi-bin/hgTracks?db=hg38&position=chr11%3A59656590%2D59657540
chr12	62381135	62381219	chr12_62381135_62381219_+	+	CE	chr12_62355475_62381135_+	chr12_62381219_62381490_+	62355475	62381490	84	4.16	3.0	296.27	CHX	1	https://www.genome-euro.ucsc.edu/cgi-bin/hgTracks?db=hg38&position=chr12%3A62355465%2D62381500
chr4	6866192	6866263	chr4_6866192_6866263_+	+	CE	chr4_6864183_6866192_+	chr4_6866263_6871574_+	6864183	6871574	71	7.49	4.89	268.19	CHX,SS	9	https://www.genome-euro.ucsc.edu/cgi-bin/hgTracks?db=hg38&position=chr4%3A6864173%2D6871584
chrX	55752227	55752401	chrX_55752227_55752401_+	+	CE	chrX_55751196_55752227_+	chrX_55752401_55753392_+	55751196	55753392	174	4.47	3.5	725.0	CHX,SS	2	https://www.genome-euro.ucsc.edu/cgi-bin/hgTracks?db=hg38&position=chrX%3A55751186%2D55753402
chr17	79083761	79083955	chr17_79083761_79083955_+	+	5'AS	chr17_79083590_79083761_+	chr17_79083955_79084538_+	79083590	79084538	4	5.88	9.44	444.27	CHX,SS	9	https://www.genome-euro.ucsc.edu/cgi-bin/hgTracks?db=hg38&position=chr17%3A79083580%2D79084548
chr6	142901664	142901737	chr6_142901664_142901737_-	-	CE	chr6_142837047_142901664_-	chr6_142901737_142945944_-	142837047	142945944	73	10.74	6.29	235.21	CHX	7	https://www.genome-euro.ucsc.edu/cgi-bin/hgTracks?db=hg38&position=chr6%3A142837037%2D142945954
chr6	111387765	111387916	chr6_111387765_111387916_-	-	3'AS	chr6_111381444_111387765_-	chr6_111387916_111388001_-	111381444	111388001	3	3.08	4.0	635.0	CHX	1	https://www.genome-euro.ucsc.edu/cgi-bin/hgTracks?db=hg38&position=chr6%3A111381434%2D111388011
chrX	53629516	53629637	chrX_53629516_53629637_-	-	3'AS	chrX_53628902_53629516_-	chrX_53629637_53630935_-	53628902	53630935	21	8.39	5.0	480.78	CHX	1	https://www.genome-euro.ucsc.edu/cgi-bin/hgTracks?db=hg38&position=chrX%3A53628892%2D53630945
chr1	70293504	70293620	chr1_70293504_70293620_-	-	CE	chr1_70292549_70293504_-	chr1_70293620_70296130_-	70292549	70296130	116	13.86	11.17	478.93	CHX	6	https://www.genome-euro.ucsc.edu/cgi-bin/hgTracks?db=hg38&position=chr1%3A70292539%2D70296140
chr11	33028366	33028480	chr11_33028366_33028480_+	+	CE	chr11_33027813_33028366_+	chr11_33028480_33028603_+	33027813	33028603	114	348.72	123.0	403.86	CHX	7	https://www.genome-euro.ucsc.edu/cgi-bin/hgTracks?db=hg38&position=chr11%3A33027803%2D33028613
chr9	93663492	93663635	chr9_93663492_93663635_+	+	3'AS	chr9_93663026_93663492_+	chr9_93663635_93665686_+	93663026	93665686	25	4.32	4.0	349.42	CHX	5	https://www.genome-euro.ucsc.edu/cgi-bin/hgTracks?db=hg38&position=chr9%3A93663016%2D93665696
chr17	37473732	37473801	chr17_37473732_37473801_+	+	CE	chr17_37471137_37473732_+	chr17_37473801_37474556_+	37471137	37474556	69	5.4	4.0	203.85	CHX	1	https://www.genome-euro.ucsc.edu/cgi-bin/hgTracks?db=hg38&position=chr17%3A37471127%2D37474566
chr15	71892965	71893180	chr15_71892965_71893180_-	-	3'AS	chr15_71888116_71892965_-	chr15_71893180_71893679_-	71888116	71893679	3	2.44	4.0	782.0	CHX	1	https://www.genome-euro.ucsc.edu/cgi-bin/hgTracks?db=hg38&position=chr15%3A71888106%2D71893689
chr10	94344404	94344515	chr10_94344404_94344515_-	-	5'AS	chr10_94341745_94344404_-	chr10_94344515_94344853_-	94341745	94344853	11	9.24	6.0	559.0	CHX	3	https://www.genome-euro.ucsc.edu/cgi-bin/hgTracks?db=hg38&position=chr10%3A94341735%2D94344863
chr11	11873800	11873915	chr11_11873800_11873915_+	+	5'AS	chr11_11842224_11873800_+	chr11_11873915_11880177_+	11842224	11880177	56	3.96	6.0	660.09	SS	1	https://www.genome-euro.ucsc.edu/cgi-bin/hgTracks?db=hg38&position=chr11%3A11842214%2D11880187
chr3	154305090	154305168	chr3_154305090_154305168_-	-	5'AS	chr3_154304972_154305090_-	chr3_154305168_154306216_-	154304972	154306216	4	7.21	8.0	636.0	CHX	1	https://www.genome-euro.ucsc.edu/cgi-bin/hgTracks?db=hg38&position=chr3%3A154304962%2D154306226
chr1	37588960	37589082	chr1_37588960_37589082_-	-	CE	chr1_37587495_37588960_-	chr1_37589082_37590706_-	37587495	37590706	122	14.85	10.0	245.6	CHX	1	https://www.genome-euro.ucsc.edu/cgi-bin/hgTracks?db=hg38&position=chr1%3A37587485%2D37590716
chr3	9434590	9434715	chr3_9434590_9434715_+	+	5'AS	chr3_9434485_9434590_+	chr3_9434715_9434824_+	9434485	9434824	85	19.05	17.0	693.0	CHX	1	https://www.genome-euro.ucsc.edu/cgi-bin/hgTracks?db=hg38&position=chr3%3A9434475%2D9434834
chr18	8625801	8625994	chr18_8625801_8625994_+	+	CE	chr18_8624998_8625801_+	chr18_8625994_8633189_+	8624998	8633189	193	14.51	9.0	494.13	CHX	9	https://www.genome-euro.ucsc.edu/cgi-bin/hgTracks?db=hg38&position=chr18%3A8624988%2D8633199
chr13	28278122	28278192	chr13_28278122_28278192_+	+	CE	chr13_28277376_28278122_+	chr13_28278192_28280412_+	28277376	28280412	70	3.51	3.0	233.21	CHX	2	https://www.genome-euro.ucsc.edu/cgi-bin/hgTracks?db=hg38&position=chr13%3A28277366%2D28280422
chr15	50588191	50588250	chr15_50588191_50588250_-	-	CE	chr15_50586488_50588191_-	chr15_50588250_50589592_-	50586488	50589592	59	11.84	7.33	219.49	CHX,SS	15	https://www.genome-euro.ucsc.edu/cgi-bin/hgTracks?db=hg38&position=chr15%3A50586478%2D50589602
chr18	31908754	31909013	chr18_31908754_31909013_-	-	3'AS	chr18_31908418_31908754_-	chr18_31909013_31909667_-	31908418	31909667	3	2.05	5.0	615.0	SS	1	https://www.genome-euro.ucsc.edu/cgi-bin/hgTracks?db=hg38&position=chr18%3A31908408%2D31909677
chr14	24192643	24193269	chr14_24192643_24193269_-	-	5'AS	chr14_24192356_24192643_-	chr14_24193269_24194675_-	24192356	24194675	5	10.4	3.0	615.0	CHX	1	https://www.genome-euro.ucsc.edu/cgi-bin/hgTracks?db=hg38&position=chr14%3A24192346%2D24194685
chr14	58360901	58361102	chr14_58360901_58361102_+	+	5'AS	chr14_58359216_58360901_+	chr14_58361102_58364170_+	58359216	58364170	60	7.27	3.0	375.61	SS	1	https://www.genome-euro.ucsc.edu/cgi-bin/hgTracks?db=hg38&position=chr14%3A58359206%2D58364180
chr18	62558687	62558776	chr18_62558687_62558776_+	+	5'AS	chr18_62556297_62558687_+	chr18_62558776_62560587_+	62556297	62560587	6	2.82	3.6	355.29	CHX,SS	5	https://www.genome-euro.ucsc.edu/cgi-bin/hgTracks?db=hg38&position=chr18%3A62556287%2D62560597
chr1	237655821	237656051	chr1_237655821_237656051_+	+	5'AS	chr1_237654414_237655821_+	chr1_237656051_237657944_+	237654414	237657944	67	4.01	4.67	538.59	CHX,SS	6	https://www.genome-euro.ucsc.edu/cgi-bin/hgTracks?db=hg38&position=chr1%3A237654404%2D237657954
chr12	50675329	50675451	chr12_50675329_50675451_+	+	5'AS	chr12_50674629_50675329_+	chr12_50675451_50678679_+	50674629	50678679	3	4.24	6.56	627.0	CHX,SS	9	https://www.genome-euro.ucsc.edu/cgi-bin/hgTracks?db=hg38&position=chr12%3A50674619%2D50678689
chr19	54114438	54114700	chr19_54114438_54114700_-	-	5'AS	chr19_54110121_54114438_-	chr19_54114700_54115247_-	54110121	54115247	4	5.98	6.0	508.0	CHX,SS	10	https://www.genome-euro.ucsc.edu/cgi-bin/hgTracks?db=hg38&position=chr19%3A54110111%2D54115257
chr10	73817015	73817117	chr10_73817015_73817117_-	-	5'AS	chr10_73815247_73817015_-	chr10_73817117_73817479_-	73815247	73817479	8	6.26	8.5	659.0	CHX,SS	8	https://www.genome-euro.ucsc.edu/cgi-bin/hgTracks?db=hg38&position=chr10%3A73815237%2D73817489
chr16	30722122	30722290	chr16_30722122_30722290_+	+	5'AS	chr16_30720978_30722122_+	chr16_30722290_30722963_+	30720978	30722963	4	7.75	7.0	687.0	CHX,SS	2	https://www.genome-euro.ucsc.edu/cgi-bin/hgTracks?db=hg38&position=chr16%3A30720968%2D30722973
chr12	124336639	124337180	chr12_124336639_124337180_-	-	5'AS	chr12_124335632_124336639_-	chr12_124337180_124340006_-	124335632	124340006	114	9.7	13.33	677.7	CHX,SS	3	https://www.genome-euro.ucsc.edu/cgi-bin/hgTracks?db=hg38&position=chr12%3A124335622%2D124340016
chr11	102186018	102186137	chr11_102186018_102186137_+	+	5'AS	chr11_102162571_102186018_+	chr11_102186137_102205893_+	102162571	102205893	6	15.11	24.18	739.0	CHX,SS	11	https://www.genome-euro.ucsc.edu/cgi-bin/hgTracks?db=hg38&position=chr11%3A102162561%2D102205903
chr11	47812867	47813047	chr11_47812867_47813047_-	-	5'AS	chr11_47812429_47812867_-	chr11_47813047_47813316_-	47812429	47813316	15	14.89	26.5	652.0	CHX	2	https://www.genome-euro.ucsc.edu/cgi-bin/hgTracks?db=hg38&position=chr11%3A47812419%2D47813326
chr1	93522888	93523091	chr1_93522888_93523091_+	+	CE	chr1_93522135_93522888_+	chr1_93523091_93523344_+	93522135	93523344	203	4.64	3.0	677.25	CHX	1	https://www.genome-euro.ucsc.edu/cgi-bin/hgTracks?db=hg38&position=chr1%3A93522125%2D93523354
chr12	50078418	50078577	chr12_50078418_50078577_+	+	3'AS	chr12_50078127_50078418_+	chr12_50078577_50078924_+	50078127	50078924	3	2.39	3.0	537.0	CHX,SS	2	https://www.genome-euro.ucsc.edu/cgi-bin/hgTracks?db=hg38&position=chr12%3A50078117%2D50078934
chr16	67663653	67663820	chr16_67663653_67663820_-	-	5'AS	chr16_67663556_67663653_-	chr16_67663820_67663937_-	67663556	67663937	4	2.35	4.0	360.8	CHX	1	https://www.genome-euro.ucsc.edu/cgi-bin/hgTracks?db=hg38&position=chr16%3A67663546%2D67663947
chr5	181234174	181234355	chr5_181234174_181234355_+	+	5'AS	chr5_181233763_181234174_+	chr5_181234355_181234932_+	181233763	181234932	6	15.85	5.0	549.0	CHX,SS	3	https://www.genome-euro.ucsc.edu/cgi-bin/hgTracks?db=hg38&position=chr5%3A181233753%2D181234942
chr7	99917772	99917885	chr7_99917772_99917885_-	-	CE	chr7_99916779_99917772_-	chr7_99917885_99919009_-	99916779	99919009	113	8.48	5.67	480.0	CHX	3	https://www.genome-euro.ucsc.edu/cgi-bin/hgTracks?db=hg38&position=chr7%3A99916769%2D99919019
chr17	59075630	59075714	chr17_59075630_59075714_-	-	5'AS	chr17_59070947_59075630_-	chr17_59075714_59079754_-	59070947	59079754	17	5.65	8.0	550.36	CHX	3	https://www.genome-euro.ucsc.edu/cgi-bin/hgTracks?db=hg38&position=chr17%3A59070937%2D59079764
chr4	48598829	48598873	chr4_48598829_48598873_-	-	CE	chr4_48596000_48598829_-	chr4_48598873_48602020_-	48596000	48602020	44	9.26	8.27	679.38	CHX,SS	11	https://www.genome-euro.ucsc.edu/cgi-bin/hgTracks?db=hg38&position=chr4%3A48595990%2D48602030
chr6	149678682	149678745	chr6_149678682_149678745_-	-	CE	chr6_149676737_149678682_-	chr6_149678745_149679875_-	149676737	149679875	63	8.42	6.5	426.61	CHX	6	https://www.genome-euro.ucsc.edu/cgi-bin/hgTracks?db=hg38&position=chr6%3A149676727%2D149679885
chr2	23816637	23816720	chr2_23816637_23816720_-	-	CE	chr2_23810502_23816637_-	chr2_23816720_23819747_-	23810502	23819747	83	4.07	3.0	488.55	CHX	1	https://www.genome-euro.ucsc.edu/cgi-bin/hgTracks?db=hg38&position=chr2%3A23810492%2D23819757
chr20	38048348	38048618	chr20_38048348_38048618_+	+	5'AS	chr20_38040564_38048348_+	chr20_38048618_38057532_+	38040564	38057532	137	6.99	8.4	582.15	CHX	5	https://www.genome-euro.ucsc.edu/cgi-bin/hgTracks?db=hg38&position=chr20%3A38040554%2D38057542
chr8	102275515	102275619	chr8_102275515_102275619_-	-	5'AS	chr8_102272772_102275515_-	chr8_102275619_102275708_-	102272772	102275708	6	8.5	9.25	703.0	CHX,SS	4	https://www.genome-euro.ucsc.edu/cgi-bin/hgTracks?db=hg38&position=chr8%3A102272762%2D102275718
chr2	127489818	127489943	chr2_127489818_127489943_-	-	5'AS	chr2_127489235_127489818_-	chr2_127489943_127493281_-	127489235	127493281	14	12.41	9.0	607.68	CHX	1	https://www.genome-euro.ucsc.edu/cgi-bin/hgTracks?db=hg38&position=chr2%3A127489225%2D127493291
chr5	141628114	141628212	chr5_141628114_141628212_-	-	3'AS	chr5_141627957_141628114_-	chr5_141628212_141628559_-	141627957	141628559	25	8.4	11.0	649.0	CHX	1	https://www.genome-euro.ucsc.edu/cgi-bin/hgTracks?db=hg38&position=chr5%3A141627947%2D141628569
chr3	170102178	170102305	chr3_170102178_170102305_-	-	CE	chr3_170097384_170102178_-	chr3_170102305_170102479_-	170097384	170102479	127	5.46	4.5	679.0	CHX	2	https://www.genome-euro.ucsc.edu/cgi-bin/hgTracks?db=hg38&position=chr3%3A170097374%2D170102489
chr3	128487711	128487953	chr3_128487711_128487953_-	-	3'AS	chr3_128487076_128487711_-	chr3_128487953_128488352_-	128487076	128488352	32	40.17	3.0	597.0	CHX	1	https://www.genome-euro.ucsc.edu/cgi-bin/hgTracks?db=hg38&position=chr3%3A128487066%2D128488362
chr3	56613589	56613754	chr3_56613589_56613754_+	+	5'AS	chr3_56594028_56613589_+	chr3_56613754_56615128_+	56594028	56615128	4	4.2	3.33	406.47	CHX,SS	3	https://www.genome-euro.ucsc.edu/cgi-bin/hgTracks?db=hg38&position=chr3%3A56594018%2D56615138
chr22	37491755	37491870	chr22_37491755_37491870_-	-	3'AS	chr22_37491393_37491755_-	chr22_37491870_37492435_-	37491393	37492435	3	2.48	3.0	374.29	SS	1	https://www.genome-euro.ucsc.edu/cgi-bin/hgTracks?db=hg38&position=chr22%3A37491383%2D37492445
chr6	43449107	43449209	chr6_43449107_43449209_+	+	5'AS	chr6_43449026_43449107_+	chr6_43449209_43449422_+	43449026	43449422	5	2.4	5.0	348.56	CHX	1	https://www.genome-euro.ucsc.edu/cgi-bin/hgTracks?db=hg38&position=chr6%3A43449016%2D43449432
chr1	151283188	151283318	chr1_151283188_151283318_+	+	CE	chr1_151282395_151283188_+	chr1_151283318_151286275_+	151282395	151286275	130	10.37	7.0	266.94	CHX	3	https://www.genome-euro.ucsc.edu/cgi-bin/hgTracks?db=hg38&position=chr1%3A151282385%2D151286285
chr1	21728566	21728719	chr1_21728566_21728719_-	-	5'AS	chr1_21724095_21728566_-	chr1_21728719_21729704_-	21724095	21729704	4	5.03	8.0	668.0	CHX	1	https://www.genome-euro.ucsc.edu/cgi-bin/hgTracks?db=hg38&position=chr1%3A21724085%2D21729714
chr2	170842569	170842654	chr2_170842569_170842654_+	+	5'AS	chr2_170836883_170842569_+	chr2_170842654_170844045_+	170836883	170844045	6	12.69	10.4	676.0	CHX	5	https://www.genome-euro.ucsc.edu/cgi-bin/hgTracks?db=hg38&position=chr2%3A170836873%2D170844055
chr1	77631835	77633405	chr1_77631835_77633405_-	-	5'AS	chr1_77584655_77631835_-	chr1_77633405_77639449_-	77584655	77639449	15	7.89	4.89	738.0	CHX,SS	9	https://www.genome-euro.ucsc.edu/cgi-bin/hgTracks?db=hg38&position=chr1%3A77584645%2D77639459
chr1	110037888	110037960	chr1_110037888_110037960_+	+	3'AS	chr1_110034817_110037888_+	chr1_110037960_110038683_+	110034817	110038683	3	14.39	3.0	285.43	SS	1	https://www.genome-euro.ucsc.edu/cgi-bin/hgTracks?db=hg38&position=chr1%3A110034807%2D110038693
chr6	136592437	136592617	chr6_136592437_136592617_-	-	3'AS	chr6_136592341_136592437_-	chr6_136592617_136601022_-	136592341	136601022	3	1.89	3.0	285.43	SS	1	https://www.genome-euro.ucsc.edu/cgi-bin/hgTracks?db=hg38&position=chr6%3A136592331%2D136601032
chr5	55294017	55294166	chr5_55294017_55294166_-	-	3'AS	chr5_55290344_55294017_-	chr5_55294166_55295379_-	55290344	55295379	21	2.73	3.0	375.56	CHX	1	https://www.genome-euro.ucsc.edu/cgi-bin/hgTracks?db=hg38&position=chr5%3A55290334%2D55295389
chr3	52482642	52482767	chr3_52482642_52482767_+	+	CE	chr3_52480295_52482642_+	chr3_52482767_52484513_+	52480295	52484513	125	5.08	5.0	259.2	CHX,SS	5	https://www.genome-euro.ucsc.edu/cgi-bin/hgTracks?db=hg38&position=chr3%3A52480285%2D52484523
chr16	47313729	47313836	chr16_47313729_47313836_-	-	3'AS	chr16_47311412_47313729_-	chr16_47313836_47365788_-	47311412	47365788	13	4.36	4.5	400.92	CHX	2	https://www.genome-euro.ucsc.edu/cgi-bin/hgTracks?db=hg38&position=chr16%3A47311402%2D47365798
chr11	126254259	126254433	chr11_126254259_126254433_+	+	3'AS	chr11_126250733_126254259_+	chr11_126254433_126256567_+	126250733	126256567	46	4.06	5.5	288.95	CHX	2	https://www.genome-euro.ucsc.edu/cgi-bin/hgTracks?db=hg38&position=chr11%3A126250723%2D126256577
chr6	109442543	109442629	chr6_109442543_109442629_+	+	5'AS	chr6_109442299_109442543_+	chr6_109442629_109442752_+	109442299	109442752	4	9.25	7.8	632.0	CHX	5	https://www.genome-euro.ucsc.edu/cgi-bin/hgTracks?db=hg38&position=chr6%3A109442289%2D109442762
chr9	71700061	71700191	chr9_71700061_71700191_-	-	CE	chr9_71698204_71700061_-	chr9_71700191_71700642_-	71698204	71700642	130	11.01	8.0	449.05	CHX	1	https://www.genome-euro.ucsc.edu/cgi-bin/hgTracks?db=hg38&position=chr9%3A71698194%2D71700652
chr9	86298767	86298830	chr9_86298767_86298830_-	-	CE	chr9_86288744_86298767_-	chr9_86298830_86301276_-	86288744	86301276	63	26.22	20.7	625.0	CHX,SS	10	https://www.genome-euro.ucsc.edu/cgi-bin/hgTracks?db=hg38&position=chr9%3A86288734%2D86301286
chr16	57216107	57216177	chr16_57216107_57216177_+	+	5'AS	chr16_57213946_57216107_+	chr16_57216177_57216904_+	57213946	57216904	4	3.89	4.0	651.0	CHX	2	https://www.genome-euro.ucsc.edu/cgi-bin/hgTracks?db=hg38&position=chr16%3A57213936%2D57216914
chr18	21508384	21508591	chr18_21508384_21508591_+	+	3'AS	chr18_21508279_21508384_+	chr18_21508591_21513821_+	21508279	21513821	3	2.84	4.0	410.0	SS	1	https://www.genome-euro.ucsc.edu/cgi-bin/hgTracks?db=hg38&position=chr18%3A21508269%2D21513831
chr10	93503102	93503388	chr10_93503102_93503388_+	+	3'AS	chr10_93500234_93503102_+	chr10_93503388_93506988_+	93500234	93506988	11	15.28	9.67	454.64	CHX,SS	9	https://www.genome-euro.ucsc.edu/cgi-bin/hgTracks?db=hg38&position=chr10%3A93500224%2D93506998
chr1	176144005	176144100	chr1_176144005_176144100_-	-	CE	chr1_176136547_176144005_-	chr1_176144100_176149006_-	176136547	176149006	95	3.92	3.0	639.0	CHX	2	https://www.genome-euro.ucsc.edu/cgi-bin/hgTracks?db=hg38&position=chr1%3A176136537%2D176149016
chr6	72299090	72299177	chr6_72299090_72299177_+	+	CE	chr6_72295966_72299090_+	chr6_72299177_72307258_+	72295966	72307258	87	7.97	5.4	667.0	CHX,SS	5	https://www.genome-euro.ucsc.edu/cgi-bin/hgTracks?db=hg38&position=chr6%3A72295956%2D72307268
chr9	124994667	124994793	chr9_124994667_124994793_-	-	CE	chr9_124976186_124994667_-	chr9_124994793_124994934_-	124976186	124994934	126	3.37	3.0	703.0	CHX	1	https://www.genome-euro.ucsc.edu/cgi-bin/hgTracks?db=hg38&position=chr9%3A124976176%2D124994944
chr21	28961078	28961192	chr21_28961078_28961192_-	-	CE	chr21_28960706_28961078_-	chr21_28961192_28965865_-	28960706	28965865	114	11.25	6.17	384.24	CHX	6	https://www.genome-euro.ucsc.edu/cgi-bin/hgTracks?db=hg38&position=chr21%3A28960696%2D28965875
chr3	100290578	100290715	chr3_100290578_100290715_+	+	5'AS	chr3_100283811_100290578_+	chr3_100290715_100295087_+	100283811	100295087	14	5.56	3.0	686.0	CHX	1	https://www.genome-euro.ucsc.edu/cgi-bin/hgTracks?db=hg38&position=chr3%3A100283801%2D100295097
chr4	51908920	51909006	chr4_51908920_51909006_+	+	5'AS	chr4_51899378_51908920_+	chr4_51909006_51911070_+	51899378	51911070	31	3.36	4.0	540.21	CHX	1	https://www.genome-euro.ucsc.edu/cgi-bin/hgTracks?db=hg38&position=chr4%3A51899368%2D51911080
chr14	55394649	55394715	chr14_55394649_55394715_-	-	CE	chr14_55390992_55394649_-	chr14_55394715_55395940_-	55390992	55395940	66	15.34	7.83	469.34	CHX	6	https://www.genome-euro.ucsc.edu/cgi-bin/hgTracks?db=hg38&position=chr14%3A55390982%2D55395950
chr17	31201411	31201498	chr17_31201411_31201498_+	+	5'AS	chr17_31201159_31201411_+	chr17_31201498_31206240_+	31201159	31206240	13	2.1	5.0	676.0	CHX	1	https://www.genome-euro.ucsc.edu/cgi-bin/hgTracks?db=hg38&position=chr17%3A31201149%2D31206250
chr1	44645407	44645488	chr1_44645407_44645488_+	+	3'AS	chr1_44645276_44645407_+	chr1_44645488_44649661_+	44645276	44649661	3	12.78	5.67	359.36	CHX,SS	3	https://www.genome-euro.ucsc.edu/cgi-bin/hgTracks?db=hg38&position=chr1%3A44645266%2D44649671
chr3	126460376	126460438	chr3_126460376_126460438_-	-	CE	chr3_126459737_126460376_-	chr3_126460438_126461535_-	126459737	126461535	62	18.48	6.0	450.51	CHX	1	https://www.genome-euro.ucsc.edu/cgi-bin/hgTracks?db=hg38&position=chr3%3A126459727%2D126461545
chr1	108696277	108696351	chr1_108696277_108696351_+	+	5'AS	chr1_108696194_108696277_+	chr1_108696351_108698604_+	108696194	108698604	14	17.46	9.0	542.72	CHX	1	https://www.genome-euro.ucsc.edu/cgi-bin/hgTracks?db=hg38&position=chr1%3A108696184%2D108698614
chr12	50089840	50089985	chr12_50089840_50089985_+	+	3'AS	chr12_50088637_50089840_+	chr12_50089985_50090241_+	50088637	50090241	44	9.68	11.33	554.98	CHX	3	https://www.genome-euro.ucsc.edu/cgi-bin/hgTracks?db=hg38&position=chr12%3A50088627%2D50090251
chr15	101398402	101398576	chr15_101398402_101398576_-	-	5'AS	chr15_101393424_101398402_-	chr15_101398576_101427892_-	101393424	101427892	2	3.9	5.0	418.0	CHX	2	https://www.genome-euro.ucsc.edu/cgi-bin/hgTracks?db=hg38&position=chr15%3A101393414%2D101427902
chr16	89727279	89727426	chr16_89727279_89727426_+	+	5'AS	chr16_89723709_89727279_+	chr16_89727426_89729235_+	89723709	89729235	101	7.89	4.25	676.0	CHX,SS	4	https://www.genome-euro.ucsc.edu/cgi-bin/hgTracks?db=hg38&position=chr16%3A89723699%2D89729245
chr1	100140845	100141019	chr1_100140845_100141019_+	+	3'AS	chr1_100140514_100140845_+	chr1_100141019_100143137_+	100140514	100143137	7	2.34	3.0	688.0	SS	1	https://www.genome-euro.ucsc.edu/cgi-bin/hgTracks?db=hg38&position=chr1%3A100140504%2D100143147
chr5	14388613	14388683	chr5_14388613_14388683_+	+	5'AS	chr5_14387847_14388613_+	chr5_14388683_14389289_+	14387847	14389289	4	2.05	5.0	565.0	CHX	1	https://www.genome-euro.ucsc.edu/cgi-bin/hgTracks?db=hg38&position=chr5%3A14387837%2D14389299
chr4	56403706	56403763	chr4_56403706_56403763_-	-	CE	chr4_56403401_56403706_-	chr4_56403763_56406495_-	56403401	56406495	57	5.76	6.0	262.0	CHX	1	https://www.genome-euro.ucsc.edu/cgi-bin/hgTracks?db=hg38&position=chr4%3A56403391%2D56406505
chr6	31744190	31744303	chr6_31744190_31744303_+	+	5'AS	chr6_31744025_31744190_+	chr6_31744303_31744546_+	31744025	31744546	4	7.37	9.88	533.0	CHX,SS	8	https://www.genome-euro.ucsc.edu/cgi-bin/hgTracks?db=hg38&position=chr6%3A31744015%2D31744556
chr6	107885457	107885484	chr6_107885457_107885484_-	-	CE	chr6_107883146_107885457_-	chr6_107885484_107893482_-	107883146	107893482	27	12.07	7.0	214.21	CHX	1	https://www.genome-euro.ucsc.edu/cgi-bin/hgTracks?db=hg38&position=chr6%3A107883136%2D107893492
chr15	73569714	73569806	chr15_73569714_73569806_-	-	CE	chr15_73563257_73569714_-	chr15_73569806_73570150_-	73563257	73570150	92	14.87	9.0	482.35	CHX	1	https://www.genome-euro.ucsc.edu/cgi-bin/hgTracks?db=hg38&position=chr15%3A73563247%2D73570160
chr6	4055553	4055676	chr6_4055553_4055676_+	+	CE	chr6_4052873_4055553_+	chr6_4055676_4056321_+	4052873	4056321	123	18.79	13.0	311.88	CHX	1	https://www.genome-euro.ucsc.edu/cgi-bin/hgTracks?db=hg38&position=chr6%3A4052863%2D4056331
